{"content":[],"settings":{"template":"default","system_colors":[{"_id":"primary","title":"Principale","color":"#6EC1E4"},{"_id":"secondary","title":"Secondario","color":"#54595F"},{"_id":"text","title":"Testo","color":"#7A7A7A"},{"_id":"accent","title":"In risalto","color":"#61CE70"}],"custom_colors":[{"_id":"54ea556","title":"primary","color":"#E5251D"},{"_id":"ecadb77","title":"secondary","color":"#000000"},{"_id":"3164654","title":"ternary","color":"#FFFFFF"},{"_id":"90ff909","title":"font primary","color":"#000000"},{"_id":"804bd44","title":"font secondary","color":"#373737"},{"_id":"6cf2109","title":"font contrast","color":"#F1F1F1"},{"_id":"c7a8b0f","title":"light-div","color":"#F1F1F152"},{"_id":"4b2b59b","title":"light-en","color":"#DBDCE2"},{"_id":"0e6cea3","title":"digital-secondary","color":"#121212"},{"_id":"1112251","title":"digital-main","color":"#66FCF1"},{"_id":"60dcf5a","title":"main-start","color":"#17181A"},{"_id":"66821cc","title":"primary-start","color":"#9933CC"},{"_id":"433fa4e","title":"Main background colour","color":"#414439"},{"_id":"005af91","title":"Inner background colour","color":"#222222"},{"_id":"68bc32c","title":"Main text colour","color":"#FFFFFF"},{"_id":"33f51e7","title":"green-icon","color":"#00FF55"},{"_id":"996fe3b","title":"main digital","color":"#E9204F"},{"_id":"6129029","title":"National-Geo main-bkg","color":"#FFD500"},{"_id":"54ea556","title":"primary","color":"#E5251D"},{"_id":"ecadb77","title":"secondary","color":"#000000"},{"_id":"3164654","title":"ternary","color":"#FFFFFF"},{"_id":"90ff909","title":"font primary","color":"#000000"},{"_id":"804bd44","title":"font secondary","color":"#373737"},{"_id":"6cf2109","title":"font contrast","color":"#F1F1F1"},{"_id":"c7a8b0f","title":"light-div","color":"#F1F1F152"},{"_id":"4b2b59b","title":"light-en","color":"#DBDCE2"},{"_id":"0e6cea3","title":"digital-secondary","color":"#121212"},{"_id":"1112251","title":"digital-main","color":"#66FCF1"},{"_id":"60dcf5a","title":"main-start","color":"#17181A"},{"_id":"66821cc","title":"primary-start","color":"#9933CC"},{"_id":"433fa4e","title":"Main background colour","color":"#414439"},{"_id":"005af91","title":"Inner background colour","color":"#222222"},{"_id":"68bc32c","title":"Main text colour","color":"#FFFFFF"},{"_id":"33f51e7","title":"green-icon","color":"#00FF55"},{"_id":"996fe3b","title":"main digital","color":"#E9204F"},{"_id":"6129029","title":"National-Geo main-bkg","color":"#FFD500"},{"_id":"54ea556","title":"primary","color":"#E5251D"},{"_id":"ecadb77","title":"secondary","color":"#000000"},{"_id":"3164654","title":"ternary","color":"#FFFFFF"},{"_id":"90ff909","title":"font primary","color":"#000000"},{"_id":"804bd44","title":"font secondary","color":"#373737"},{"_id":"6cf2109","title":"font contrast","color":"#F1F1F1"},{"_id":"c7a8b0f","title":"light-div","color":"#F1F1F152"},{"_id":"4b2b59b","title":"light-en","color":"#DBDCE2"},{"_id":"0e6cea3","title":"digital-secondary","color":"#121212"},{"_id":"1112251","title":"digital-main","color":"#66FCF1"},{"_id":"60dcf5a","title":"main-start","color":"#17181A"},{"_id":"66821cc","title":"primary-start","color":"#9933CC"},{"_id":"433fa4e","title":"Main background colour","color":"#414439"},{"_id":"005af91","title":"Inner background colour","color":"#222222"},{"_id":"68bc32c","title":"Main text colour","color":"#FFFFFF"},{"_id":"33f51e7","title":"green-icon","color":"#00FF55"},{"_id":"996fe3b","title":"main digital","color":"#E9204F"},{"_id":"6129029","title":"National-Geo main-bkg","color":"#FFD500"},{"_id":"54ea556","title":"primary","color":"#E5251D"},{"_id":"ecadb77","title":"secondary","color":"#000000"},{"_id":"3164654","title":"ternary","color":"#FFFFFF"},{"_id":"90ff909","title":"font primary","color":"#000000"},{"_id":"804bd44","title":"font secondary","color":"#373737"},{"_id":"6cf2109","title":"font contrast","color":"#F1F1F1"},{"_id":"c7a8b0f","title":"light-div","color":"#F1F1F152"},{"_id":"4b2b59b","title":"light-en","color":"#DBDCE2"},{"_id":"0e6cea3","title":"digital-secondary","color":"#121212"},{"_id":"1112251","title":"digital-main","color":"#66FCF1"},{"_id":"60dcf5a","title":"main-start","color":"#17181A"},{"_id":"66821cc","title":"primary-start","color":"#9933CC"},{"_id":"433fa4e","title":"Main background colour","color":"#414439"},{"_id":"005af91","title":"Inner background colour","color":"#222222"},{"_id":"68bc32c","title":"Main text colour","color":"#FFFFFF"},{"_id":"33f51e7","title":"green-icon","color":"#00FF55"},{"_id":"996fe3b","title":"main digital","color":"#E9204F"},{"_id":"6129029","title":"National-Geo main-bkg","color":"#FFD500"},{"_id":"54ea556","title":"primary","color":"#E5251D"},{"_id":"ecadb77","title":"secondary","color":"#000000"},{"_id":"3164654","title":"ternary","color":"#FFFFFF"},{"_id":"90ff909","title":"font primary","color":"#000000"},{"_id":"804bd44","title":"font secondary","color":"#373737"},{"_id":"6cf2109","title":"font contrast","color":"#F1F1F1"},{"_id":"c7a8b0f","title":"light-div","color":"#F1F1F152"},{"_id":"4b2b59b","title":"light-en","color":"#DBDCE2"},{"_id":"0e6cea3","title":"digital-secondary","color":"#121212"},{"_id":"1112251","title":"digital-main","color":"#66FCF1"},{"_id":"60dcf5a","title":"main-start","color":"#17181A"},{"_id":"66821cc","title":"primary-start","color":"#9933CC"},{"_id":"433fa4e","title":"Main background colour","color":"#414439"},{"_id":"005af91","title":"Inner background colour","color":"#222222"},{"_id":"68bc32c","title":"Main text colour","color":"#FFFFFF"},{"_id":"33f51e7","title":"green-icon","color":"#00FF55"},{"_id":"996fe3b","title":"main digital","color":"#E9204F"},{"_id":"6129029","title":"National-Geo main-bkg","color":"#FFD500"},{"_id":"54ea556","title":"primary","color":"#E5251D"},{"_id":"ecadb77","title":"secondary","color":"#000000"},{"_id":"3164654","title":"ternary","color":"#FFFFFF"},{"_id":"90ff909","title":"font primary","color":"#000000"},{"_id":"804bd44","title":"font secondary","color":"#373737"},{"_id":"6cf2109","title":"font contrast","color":"#F1F1F1"},{"_id":"c7a8b0f","title":"light-div","color":"#F1F1F152"},{"_id":"4b2b59b","title":"light-en","color":"#DBDCE2"},{"_id":"0e6cea3","title":"digital-secondary","color":"#121212"},{"_id":"1112251","title":"digital-main","color":"#66FCF1"},{"_id":"60dcf5a","title":"main-start","color":"#17181A"},{"_id":"66821cc","title":"primary-start","color":"#9933CC"},{"_id":"433fa4e","title":"Main background colour","color":"#414439"},{"_id":"005af91","title":"Inner background colour","color":"#222222"},{"_id":"68bc32c","title":"Main text colour","color":"#FFFFFF"},{"_id":"33f51e7","title":"green-icon","color":"#00FF55"},{"_id":"996fe3b","title":"main digital","color":"#E9204F"},{"_id":"6129029","title":"National-Geo main-bkg","color":"#FFD500"},{"_id":"54ea556","title":"primary","color":"#E5251D"},{"_id":"ecadb77","title":"secondary","color":"#000000"},{"_id":"3164654","title":"ternary","color":"#FFFFFF"},{"_id":"90ff909","title":"font primary","color":"#000000"},{"_id":"804bd44","title":"font secondary","color":"#373737"},{"_id":"6cf2109","title":"font contrast","color":"#F1F1F1"},{"_id":"c7a8b0f","title":"light-div","color":"#F1F1F152"},{"_id":"4b2b59b","title":"light-en","color":"#DBDCE2"},{"_id":"0e6cea3","title":"digital-secondary","color":"#121212"},{"_id":"1112251","title":"digital-main","color":"#66FCF1"},{"_id":"60dcf5a","title":"main-start","color":"#17181A"},{"_id":"66821cc","title":"primary-start","color":"#9933CC"},{"_id":"433fa4e","title":"Main background colour","color":"#414439"},{"_id":"005af91","title":"Inner background colour","color":"#222222"},{"_id":"68bc32c","title":"Main text colour","color":"#FFFFFF"},{"_id":"33f51e7","title":"green-icon","color":"#00FF55"},{"_id":"996fe3b","title":"main digital","color":"#E9204F"},{"_id":"6129029","title":"National-Geo main-bkg","color":"#FFD500"}],"system_typography":[{"_id":"primary","title":"Principale","typography_typography":"custom","typography_font_family":"Didact Gothic","typography_font_weight":"600"},{"_id":"secondary","title":"Secondario","typography_typography":"custom","typography_font_family":"Roboto Slab","typography_font_weight":"400"},{"_id":"text","title":"Testo","typography_typography":"custom","typography_font_family":"Roboto","typography_font_weight":"400"},{"_id":"accent","title":"In risalto","typography_typography":"custom","typography_font_family":"Roboto","typography_font_weight":"500"}],"custom_typography":[],"default_generic_fonts":"Sans-serif","page_title_selector":"h1.entry-title","viewport_md":768,"viewport_lg":1025,"colors_enable_styleguide_preview":"yes","activeItemIndex":18,"typography_enable_styleguide_preview":"yes"},"metadata":[]}